source,config_name,config,target_dataset,target_name,is_source,is_cross_mDark,gen_auc,gen_pr_auc,sig_eff_at_1pct,stability_kl,stability_js,clean_auc,robust_auc,robustness_score,config_mean_auc,config_min_auc,config_min_to_mean_ratio,config_gen_gap
mDark-1_rinv-0.2_alpha-peak,baseline,,AutomatedCMS_mZprime-2000_mDark-1_rinv-0.2_alpha-peak.h5,mDark-1_rinv-0.2_alpha-peak,True,False,0.7255554302530395,0.6597930244381042,0.05284186106457018,0.0,0.0,0.725556492805481,0.6493852734565735,0.8950168317640171,0.6854894322694083,0.5759947521766623,0.8402678802352231,0.040065997983631196
mDark-1_rinv-0.2_alpha-peak,baseline,,AutomatedCMS_mZprime-2000_mDark-1_rinv-0.3_alpha-high.h5,mDark-1_rinv-0.3_alpha-high,False,False,0.7134283529447352,0.6675170737770586,0.07202274720953447,0.005868977021959869,0.0015316742893817117,0.7134561538696289,0.7019405961036682,0.983859473769337,0.6854894322694083,0.5759947521766623,0.8402678802352231,0.040065997983631196
mDark-1_rinv-0.2_alpha-peak,baseline,,AutomatedCMS_mZprime-2000_mDark-1_rinv-0.3_alpha-low.h5,mDark-1_rinv-0.3_alpha-low,False,False,0.5759947521766623,0.5339879412931875,0.07372683496279002,0.01598710147762019,0.0039031934194631015,0.5759606957435608,0.5175113081932068,0.8985184440842855,0.6854894322694083,0.5759947521766623,0.8402678802352231,0.040065997983631196
mDark-1_rinv-0.2_alpha-peak,baseline,,AutomatedCMS_mZprime-2000_mDark-1_rinv-0.3_alpha-peak.h5,mDark-1_rinv-0.3_alpha-peak,False,False,0.7315584842357523,0.6631346498551272,0.05395256282697307,0.0014274191671408856,0.0003611922743636981,0.7314983010292053,0.6771043539047241,0.9256403643754881,0.6854894322694083,0.5759947521766623,0.8402678802352231,0.040065997983631196
mDark-1_rinv-0.2_alpha-peak,baseline,,AutomatedCMS_mZprime-2000_mDark-1_rinv-0.8_alpha-peak.h5,mDark-1_rinv-0.8_alpha-peak,False,False,0.6878814029563544,0.5755887882460181,0.056977921055590956,0.006877767670008267,0.0017971437631809349,0.687887966632843,0.7599639296531677,1.1047786362263767,0.6854894322694083,0.5759947521766623,0.8402678802352231,0.040065997983631196
mDark-1_rinv-0.2_alpha-peak,baseline,,AutomatedCMS_mZprime-2000_mDark-5_rinv-0.3_alpha-peak.h5,mDark-5_rinv-0.3_alpha-peak,False,True,0.7185841690335372,0.6169151044771355,0.011127075884652655,0.008326489476147789,0.001867633999592602,0.7185359597206116,0.6952490210533142,0.9675911297795701,0.6854894322694083,0.5759947521766623,0.8402678802352231,0.040065997983631196
mDark-1_rinv-0.2_alpha-peak,best_avg_alpha-0.2,"{'alpha': 0.2, 'grad_eps': 0.5, 'grad_iter': 20, 'grad_eta': 0.1}",AutomatedCMS_mZprime-2000_mDark-1_rinv-0.2_alpha-peak.h5,mDark-1_rinv-0.2_alpha-peak,True,False,0.6543125175065515,0.5782924185122249,0.029836319113287796,0.0,0.0,0.6543235182762146,0.6274785995483398,0.9589730187314733,0.612431869615225,0.4988932963665548,0.8146102793115525,0.041880647891326506
mDark-1_rinv-0.2_alpha-peak,best_avg_alpha-0.2,"{'alpha': 0.2, 'grad_eps': 0.5, 'grad_iter': 20, 'grad_eta': 0.1}",AutomatedCMS_mZprime-2000_mDark-1_rinv-0.3_alpha-high.h5,mDark-1_rinv-0.3_alpha-high,False,False,0.642788351331458,0.5895816532440954,0.03200338788227109,0.0077712363887847725,0.002005198266996513,0.6426956057548523,0.675693929195404,1.0513436269753158,0.612431869615225,0.4988932963665548,0.8146102793115525,0.041880647891326506
mDark-1_rinv-0.2_alpha-peak,best_avg_alpha-0.2,"{'alpha': 0.2, 'grad_eps': 0.5, 'grad_iter': 20, 'grad_eta': 0.1}",AutomatedCMS_mZprime-2000_mDark-1_rinv-0.3_alpha-low.h5,mDark-1_rinv-0.3_alpha-low,False,False,0.4988932963665548,0.4610079491274047,0.031920326864147086,0.032247028681962706,0.008453064022744353,0.4989570677280426,0.49549153447151184,0.9930544460021165,0.612431869615225,0.4988932963665548,0.8146102793115525,0.041880647891326506
mDark-1_rinv-0.2_alpha-peak,best_avg_alpha-0.2,"{'alpha': 0.2, 'grad_eps': 0.5, 'grad_iter': 20, 'grad_eta': 0.1}",AutomatedCMS_mZprime-2000_mDark-1_rinv-0.3_alpha-peak.h5,mDark-1_rinv-0.3_alpha-peak,False,False,0.6649741006301421,0.5826642130241093,0.027891003626793337,0.0011214579540683891,0.00027924752602761246,0.6649117469787598,0.654609203338623,0.9845053968636445,0.612431869615225,0.4988932963665548,0.8146102793115525,0.041880647891326506
mDark-1_rinv-0.2_alpha-peak,best_avg_alpha-0.2,"{'alpha': 0.2, 'grad_eps': 0.5, 'grad_iter': 20, 'grad_eta': 0.1}",AutomatedCMS_mZprime-2000_mDark-1_rinv-0.8_alpha-peak.h5,mDark-1_rinv-0.8_alpha-peak,False,False,0.5896812645100025,0.4633100269347255,0.014319451212655095,0.00761005053498074,0.0019522603908634821,0.5897818803787231,0.6744977235794067,1.1436392775347457,0.612431869615225,0.4988932963665548,0.8146102793115525,0.041880647891326506
mDark-1_rinv-0.2_alpha-peak,best_avg_alpha-0.2,"{'alpha': 0.2, 'grad_eps': 0.5, 'grad_iter': 20, 'grad_eta': 0.1}",AutomatedCMS_mZprime-2000_mDark-5_rinv-0.3_alpha-peak.h5,mDark-5_rinv-0.3_alpha-peak,False,True,0.665822335237968,0.5386327069487327,0.005379757409696929,0.011089562076240532,0.0025813614398751262,0.6656744480133057,0.676685094833374,1.016540588050104,0.612431869615225,0.4988932963665548,0.8146102793115525,0.041880647891326506
mDark-1_rinv-0.2_alpha-peak,best_min_alpha-5.0,"{'alpha': 5.0, 'grad_eps': 0.1, 'grad_iter': 10, 'grad_eta': 0.02}",AutomatedCMS_mZprime-2000_mDark-1_rinv-0.2_alpha-peak.h5,mDark-1_rinv-0.2_alpha-peak,True,False,0.6222364935343903,0.5495075631190354,0.022876659363320017,0.0,0.0,0.6221410632133484,0.6155478954315186,0.9894024552120443,0.596717429709558,0.5104483530327351,0.8554272552105392,0.025519063824832267
mDark-1_rinv-0.2_alpha-peak,best_min_alpha-5.0,"{'alpha': 5.0, 'grad_eps': 0.1, 'grad_iter': 10, 'grad_eta': 0.02}",AutomatedCMS_mZprime-2000_mDark-1_rinv-0.3_alpha-high.h5,mDark-1_rinv-0.3_alpha-high,False,False,0.675667414017363,0.6424289438462714,0.0514837109410448,0.012175665485854775,0.00275121568247968,0.6753480434417725,0.6863515377044678,1.0162930719494179,0.596717429709558,0.5104483530327351,0.8554272552105392,0.025519063824832267
mDark-1_rinv-0.2_alpha-peak,best_min_alpha-5.0,"{'alpha': 5.0, 'grad_eps': 0.1, 'grad_iter': 10, 'grad_eta': 0.02}",AutomatedCMS_mZprime-2000_mDark-1_rinv-0.3_alpha-low.h5,mDark-1_rinv-0.3_alpha-low,False,False,0.5104483530327351,0.4856588235791359,0.04180650809864293,0.028287615371342525,0.0072142926582106715,0.5102936625480652,0.49504613876342773,0.9701200996530086,0.596717429709558,0.5104483530327351,0.8554272552105392,0.025519063824832267
mDark-1_rinv-0.2_alpha-peak,best_min_alpha-5.0,"{'alpha': 5.0, 'grad_eps': 0.1, 'grad_iter': 10, 'grad_eta': 0.02}",AutomatedCMS_mZprime-2000_mDark-1_rinv-0.3_alpha-peak.h5,mDark-1_rinv-0.3_alpha-peak,False,False,0.6298095867167357,0.5576181607120637,0.02647880091151266,0.0017556587664809924,0.0002821253248078047,0.6295064091682434,0.6311300992965698,1.0025793067468078,0.596717429709558,0.5104483530327351,0.8554272552105392,0.025519063824832267
mDark-1_rinv-0.2_alpha-peak,best_min_alpha-5.0,"{'alpha': 5.0, 'grad_eps': 0.1, 'grad_iter': 10, 'grad_eta': 0.02}",AutomatedCMS_mZprime-2000_mDark-1_rinv-0.8_alpha-peak.h5,mDark-1_rinv-0.8_alpha-peak,False,False,0.5499490212542639,0.46001315065713283,0.01784308580425085,0.013636950220484355,0.00343744862767718,0.5499176979064941,0.5916313529014587,1.0758543599410715,0.596717429709558,0.5104483530327351,0.8554272552105392,0.025519063824832267
mDark-1_rinv-0.2_alpha-peak,best_min_alpha-5.0,"{'alpha': 5.0, 'grad_eps': 0.1, 'grad_iter': 10, 'grad_eta': 0.02}",AutomatedCMS_mZprime-2000_mDark-5_rinv-0.3_alpha-peak.h5,mDark-5_rinv-0.3_alpha-peak,False,True,0.6177127735266927,0.5023961317739906,0.005079025629030641,0.007621449237418973,0.0019451011231657143,0.6175869107246399,0.6423243880271912,1.0400550543947342,0.596717429709558,0.5104483530327351,0.8554272552105392,0.025519063824832267
mDark-1_rinv-0.3_alpha-high,baseline,,AutomatedCMS_mZprime-2000_mDark-1_rinv-0.2_alpha-peak.h5,mDark-1_rinv-0.2_alpha-peak,False,False,0.6075301155647206,0.5388753522377392,0.02220002577651759,0.18213076635103365,0.03717945749066604,0.6074838042259216,0.589002788066864,0.9695777631757495,0.6774390723735525,0.5062880422361079,0.7473558329935408,0.2261030484810812
mDark-1_rinv-0.3_alpha-high,baseline,,AutomatedCMS_mZprime-2000_mDark-1_rinv-0.3_alpha-high.h5,mDark-1_rinv-0.3_alpha-high,True,False,0.9035421208546337,0.8882674329037126,0.25890075319882633,0.0,0.0,0.9035295844078064,0.8337271809577942,0.9227447505266114,0.6774390723735525,0.5062880422361079,0.7473558329935408,0.2261030484810812
mDark-1_rinv-0.3_alpha-high,baseline,,AutomatedCMS_mZprime-2000_mDark-1_rinv-0.3_alpha-low.h5,mDark-1_rinv-0.3_alpha-low,False,False,0.8078667206576196,0.7812202444918839,0.22530278710053991,0.02712227302943498,0.0065661150929376385,0.8078507781028748,0.7388665080070496,0.9146076577931569,0.6774390723735525,0.5062880422361079,0.7473558329935408,0.2261030484810812
mDark-1_rinv-0.3_alpha-high,baseline,,AutomatedCMS_mZprime-2000_mDark-1_rinv-0.3_alpha-peak.h5,mDark-1_rinv-0.3_alpha-peak,False,False,0.6517150671331216,0.5874782727492722,0.03562602304458067,0.155264530926188,0.0327610333790784,0.6516585350036621,0.6403977870941162,0.9827198643082568,0.6774390723735525,0.5062880422361079,0.7473558329935408,0.2261030484810812
mDark-1_rinv-0.3_alpha-high,baseline,,AutomatedCMS_mZprime-2000_mDark-1_rinv-0.8_alpha-peak.h5,mDark-1_rinv-0.8_alpha-peak,False,False,0.813795416276193,0.7719567175204793,0.19383738801214528,0.028481200577471177,0.006860697573545965,0.8138282299041748,0.8377191424369812,1.0293562101373892,0.6774390723735525,0.5062880422361079,0.7473558329935408,0.2261030484810812
mDark-1_rinv-0.3_alpha-high,baseline,,AutomatedCMS_mZprime-2000_mDark-5_rinv-0.3_alpha-peak.h5,mDark-5_rinv-0.3_alpha-peak,False,True,0.5062880422361079,0.4298899162304597,0.005212684198215658,0.20802612130047088,0.04261050154496782,0.5062962770462036,0.5486097931861877,1.0835746144270437,0.6774390723735525,0.5062880422361079,0.7473558329935408,0.2261030484810812
mDark-1_rinv-0.3_alpha-high,best_avg_alpha-0.2,"{'alpha': 0.2, 'grad_eps': 0.5, 'grad_iter': 20, 'grad_eta': 0.1}",AutomatedCMS_mZprime-2000_mDark-1_rinv-0.2_alpha-peak.h5,mDark-1_rinv-0.2_alpha-peak,False,False,0.6062788834471796,0.5366987681163132,0.022618894187395284,0.045180270715460644,0.010279774524313673,0.6062801480293274,0.5967444181442261,0.9842717431601603,0.6536777542718667,0.5802926628128445,0.887735063677108,0.15784321813100888
mDark-1_rinv-0.3_alpha-high,best_avg_alpha-0.2,"{'alpha': 0.2, 'grad_eps': 0.5, 'grad_iter': 20, 'grad_eta': 0.1}",AutomatedCMS_mZprime-2000_mDark-1_rinv-0.3_alpha-high.h5,mDark-1_rinv-0.3_alpha-high,True,False,0.8115209724028756,0.7792590932473222,0.111104389122478,0.0,0.0,0.8115132451057434,0.8197532296180725,1.010153850922366,0.6536777542718667,0.5802926628128445,0.887735063677108,0.15784321813100888
mDark-1_rinv-0.3_alpha-high,best_avg_alpha-0.2,"{'alpha': 0.2, 'grad_eps': 0.5, 'grad_iter': 20, 'grad_eta': 0.1}",AutomatedCMS_mZprime-2000_mDark-1_rinv-0.3_alpha-low.h5,mDark-1_rinv-0.3_alpha-low,False,False,0.697014203998249,0.6576527192357204,0.09911717495987159,0.014172708633073378,0.003491702169311748,0.6969980001449585,0.6798737049102783,0.9754313567167786,0.6536777542718667,0.5802926628128445,0.887735063677108,0.15784321813100888
mDark-1_rinv-0.3_alpha-high,best_avg_alpha-0.2,"{'alpha': 0.2, 'grad_eps': 0.5, 'grad_iter': 20, 'grad_eta': 0.1}",AutomatedCMS_mZprime-2000_mDark-1_rinv-0.3_alpha-peak.h5,mDark-1_rinv-0.3_alpha-peak,False,False,0.6363258585015673,0.5685993773070595,0.028821773598228326,0.03686539474092525,0.008513566979329874,0.6363135576248169,0.6336265206336975,0.9957771809842472,0.6536777542718667,0.5802926628128445,0.887735063677108,0.15784321813100888
mDark-1_rinv-0.3_alpha-high,best_avg_alpha-0.2,"{'alpha': 0.2, 'grad_eps': 0.5, 'grad_iter': 20, 'grad_eta': 0.1}",AutomatedCMS_mZprime-2000_mDark-1_rinv-0.8_alpha-peak.h5,mDark-1_rinv-0.8_alpha-peak,False,False,0.7484771625994927,0.6751595178665991,0.0870787569816696,0.004796564502483476,0.0011847451472880761,0.7484577894210815,0.8052266240119934,1.0758477437115346,0.6536777542718667,0.5802926628128445,0.887735063677108,0.15784321813100888
mDark-1_rinv-0.3_alpha-high,best_avg_alpha-0.2,"{'alpha': 0.2, 'grad_eps': 0.5, 'grad_iter': 20, 'grad_eta': 0.1}",AutomatedCMS_mZprime-2000_mDark-5_rinv-0.3_alpha-peak.h5,mDark-5_rinv-0.3_alpha-peak,False,True,0.5802926628128445,0.48005800002725596,0.005981220971029505,0.04026584881113017,0.0091235142843347,0.5802870392799377,0.5877540111541748,1.012867721263433,0.6536777542718667,0.5802926628128445,0.887735063677108,0.15784321813100888
mDark-1_rinv-0.3_alpha-high,best_min_alpha-5.0,"{'alpha': 5.0, 'grad_eps': 0.1, 'grad_iter': 10, 'grad_eta': 0.02}",AutomatedCMS_mZprime-2000_mDark-1_rinv-0.2_alpha-peak.h5,mDark-1_rinv-0.2_alpha-peak,False,False,0.607537048159127,0.5408622000107988,0.025164325299652016,0.01946055603694239,0.004655194142753086,0.6074384450912476,0.6066450476646423,0.9986938636613854,0.6395860093675401,0.5876553827647275,0.9188058746717043,0.1506485676009104
mDark-1_rinv-0.3_alpha-high,best_min_alpha-5.0,"{'alpha': 5.0, 'grad_eps': 0.1, 'grad_iter': 10, 'grad_eta': 0.02}",AutomatedCMS_mZprime-2000_mDark-1_rinv-0.3_alpha-high.h5,mDark-1_rinv-0.3_alpha-high,True,False,0.7902345769684505,0.7549011984529578,0.09561692731177591,0.0,0.0,0.7901521921157837,0.7815093994140625,0.9890618632866429,0.6395860093675401,0.5876553827647275,0.9188058746717043,0.1506485676009104
mDark-1_rinv-0.3_alpha-high,best_min_alpha-5.0,"{'alpha': 5.0, 'grad_eps': 0.1, 'grad_iter': 10, 'grad_eta': 0.02}",AutomatedCMS_mZprime-2000_mDark-1_rinv-0.3_alpha-low.h5,mDark-1_rinv-0.3_alpha-low,False,False,0.6327825404932146,0.5697336409563708,0.05161972858602072,0.017756833764407103,0.00427350229978426,0.6327103972434998,0.6051456928253174,0.956433931640333,0.6395860093675401,0.5876553827647275,0.9188058746717043,0.1506485676009104
mDark-1_rinv-0.3_alpha-high,best_min_alpha-5.0,"{'alpha': 5.0, 'grad_eps': 0.1, 'grad_iter': 10, 'grad_eta': 0.02}",AutomatedCMS_mZprime-2000_mDark-1_rinv-0.3_alpha-peak.h5,mDark-1_rinv-0.3_alpha-peak,False,False,0.6386550296883525,0.571262558877339,0.03158198799627692,0.01535610909003206,0.0037002393315612577,0.6387276649475098,0.6392115950584412,1.0007576470184225,0.6395860093675401,0.5876553827647275,0.9188058746717043,0.1506485676009104
mDark-1_rinv-0.3_alpha-high,best_min_alpha-5.0,"{'alpha': 5.0, 'grad_eps': 0.1, 'grad_iter': 10, 'grad_eta': 0.02}",AutomatedCMS_mZprime-2000_mDark-1_rinv-0.8_alpha-peak.h5,mDark-1_rinv-0.8_alpha-peak,False,False,0.7313000457322787,0.6310070250869333,0.05446639427221951,0.004956539154883199,0.0012065261472317102,0.731282651424408,0.7359849214553833,1.0064301676264522,0.6395860093675401,0.5876553827647275,0.9188058746717043,0.1506485676009104
mDark-1_rinv-0.3_alpha-high,best_min_alpha-5.0,"{'alpha': 5.0, 'grad_eps': 0.1, 'grad_iter': 10, 'grad_eta': 0.02}",AutomatedCMS_mZprime-2000_mDark-5_rinv-0.3_alpha-peak.h5,mDark-5_rinv-0.3_alpha-peak,False,True,0.5876553827647275,0.483431251470959,0.005680489190363217,0.018988986111586583,0.004376749422707007,0.5876035690307617,0.5999204516410828,1.020961211366768,0.6395860093675401,0.5876553827647275,0.9188058746717043,0.1506485676009104
mDark-1_rinv-0.3_alpha-low,baseline,,AutomatedCMS_mZprime-2000_mDark-1_rinv-0.2_alpha-peak.h5,mDark-1_rinv-0.2_alpha-peak,False,False,0.5247088086952787,0.4814762114694626,0.017914679726768915,0.11909052197122902,0.022895241596602087,0.5246948003768921,0.5230154395103455,0.9967993567587475,0.6190159259782693,0.35946420824005076,0.580702681715284,0.26008515870483784
mDark-1_rinv-0.3_alpha-low,baseline,,AutomatedCMS_mZprime-2000_mDark-1_rinv-0.3_alpha-high.h5,mDark-1_rinv-0.3_alpha-high,False,False,0.822853858051766,0.8009178642390969,0.14679814876433045,0.016931291451160284,0.004160305415887635,0.8228313326835632,0.757897138595581,0.9210844415997052,0.6190159259782693,0.35946420824005076,0.580702681715284,0.26008515870483784
mDark-1_rinv-0.3_alpha-low,baseline,,AutomatedCMS_mZprime-2000_mDark-1_rinv-0.3_alpha-low.h5,mDark-1_rinv-0.3_alpha-low,True,False,0.8791010846831071,0.8623801715253585,0.3613745804757041,0.0,0.0,0.8791072964668274,0.8044782876968384,0.9151081909228528,0.6190159259782693,0.35946420824005076,0.580702681715284,0.26008515870483784
mDark-1_rinv-0.3_alpha-low,baseline,,AutomatedCMS_mZprime-2000_mDark-1_rinv-0.3_alpha-peak.h5,mDark-1_rinv-0.3_alpha-peak,False,False,0.5765248699596667,0.5297736347989777,0.02933530185833039,0.09649938478469461,0.0194252329947448,0.5765267014503479,0.5779666900634766,1.0024976963070507,0.6190159259782693,0.35946420824005076,0.580702681715284,0.26008515870483784
mDark-1_rinv-0.3_alpha-low,baseline,,AutomatedCMS_mZprime-2000_mDark-1_rinv-0.8_alpha-peak.h5,mDark-1_rinv-0.8_alpha-peak,False,False,0.811527884944584,0.7461305330996222,0.1313865876972673,0.011769381075298894,0.002878955690757821,0.8115410208702087,0.8395459651947021,1.0345083533725306,0.6190159259782693,0.35946420824005076,0.580702681715284,0.26008515870483784
mDark-1_rinv-0.3_alpha-low,baseline,,AutomatedCMS_mZprime-2000_mDark-5_rinv-0.3_alpha-peak.h5,mDark-5_rinv-0.3_alpha-peak,False,True,0.35946420824005076,0.349706397399828,0.001704146757108965,0.09119959819311768,0.018709958537913872,0.359510213136673,0.41696783900260925,1.1598219571138941,0.6190159259782693,0.35946420824005076,0.580702681715284,0.26008515870483784
mDark-1_rinv-0.3_alpha-low,best_avg_alpha-0.2,"{'alpha': 0.2, 'grad_eps': 0.5, 'grad_iter': 20, 'grad_eta': 0.1}",AutomatedCMS_mZprime-2000_mDark-1_rinv-0.2_alpha-peak.h5,mDark-1_rinv-0.2_alpha-peak,False,False,0.4751820960604889,0.4317691073718909,0.008925119216393865,0.031379994071852435,0.007383889472826548,0.47517746686935425,0.5188642740249634,1.0919378762705942,0.5073130178679397,0.36524835098740266,0.7199664469924595,0.2600853619170693
mDark-1_rinv-0.3_alpha-low,best_avg_alpha-0.2,"{'alpha': 0.2, 'grad_eps': 0.5, 'grad_iter': 20, 'grad_eta': 0.1}",AutomatedCMS_mZprime-2000_mDark-1_rinv-0.3_alpha-high.h5,mDark-1_rinv-0.3_alpha-high,False,False,0.6344981364630913,0.5739058682133822,0.026014096010163648,0.011543168415338007,0.002834792500255992,0.6343761086463928,0.7540070414543152,1.1885804512140066,0.5073130178679397,0.36524835098740266,0.7199664469924595,0.2600853619170693
mDark-1_rinv-0.3_alpha-low,best_avg_alpha-0.2,"{'alpha': 0.2, 'grad_eps': 0.5, 'grad_iter': 20, 'grad_eta': 0.1}",AutomatedCMS_mZprime-2000_mDark-1_rinv-0.3_alpha-low.h5,mDark-1_rinv-0.3_alpha-low,True,False,0.767398379785009,0.6933120646023392,0.08445206478914344,0.0,0.0,0.7672163248062134,0.7967185378074646,1.0384535782769,0.5073130178679397,0.36524835098740266,0.7199664469924595,0.2600853619170693
mDark-1_rinv-0.3_alpha-low,best_avg_alpha-0.2,"{'alpha': 0.2, 'grad_eps': 0.5, 'grad_iter': 20, 'grad_eta': 0.1}",AutomatedCMS_mZprime-2000_mDark-1_rinv-0.3_alpha-peak.h5,mDark-1_rinv-0.3_alpha-peak,False,False,0.4866164436028287,0.44084758127500684,0.010623615880861444,0.030771291732121495,0.007244391543673099,0.48659569025039673,0.5552360415458679,1.1410623905447037,0.5073130178679397,0.36524835098740266,0.7199664469924595,0.2600853619170693
mDark-1_rinv-0.3_alpha-low,best_avg_alpha-0.2,"{'alpha': 0.2, 'grad_eps': 0.5, 'grad_iter': 20, 'grad_eta': 0.1}",AutomatedCMS_mZprime-2000_mDark-1_rinv-0.8_alpha-peak.h5,mDark-1_rinv-0.8_alpha-peak,False,False,0.5750200622258874,0.4773540628314176,0.02807662030963002,0.01562716583056861,0.003585481106078611,0.5749020576477051,0.7786837816238403,1.3544633755703321,0.5073130178679397,0.36524835098740266,0.7199664469924595,0.2600853619170693
mDark-1_rinv-0.3_alpha-low,best_avg_alpha-0.2,"{'alpha': 0.2, 'grad_eps': 0.5, 'grad_iter': 20, 'grad_eta': 0.1}",AutomatedCMS_mZprime-2000_mDark-5_rinv-0.3_alpha-peak.h5,mDark-5_rinv-0.3_alpha-peak,False,True,0.36524835098740266,0.3555067786480228,0.002004878537775253,0.031591787508356416,0.006722022162291977,0.3652993440628052,0.41442567110061646,1.134482385025485,0.5073130178679397,0.36524835098740266,0.7199664469924595,0.2600853619170693
mDark-1_rinv-0.3_alpha-low,best_min_alpha-5.0,"{'alpha': 5.0, 'grad_eps': 0.1, 'grad_iter': 10, 'grad_eta': 0.02}",AutomatedCMS_mZprime-2000_mDark-1_rinv-0.2_alpha-peak.h5,mDark-1_rinv-0.2_alpha-peak,False,False,0.5100491742922197,0.4577688374666935,0.013629333677020235,0.014528682413811507,0.0034545156668312716,0.5100306868553162,0.5373314023017883,1.0535275938293038,0.5242369386244835,0.4139833911406645,0.7896875642279095,0.18992603671478392
mDark-1_rinv-0.3_alpha-low,best_min_alpha-5.0,"{'alpha': 5.0, 'grad_eps': 0.1, 'grad_iter': 10, 'grad_eta': 0.02}",AutomatedCMS_mZprime-2000_mDark-1_rinv-0.3_alpha-high.h5,mDark-1_rinv-0.3_alpha-high,False,False,0.6103285951379857,0.5856376426598533,0.05263317099730784,0.004751825592401199,0.0011554285593304197,0.6102822422981262,0.6678836941719055,1.0943849384456457,0.5242369386244835,0.4139833911406645,0.7896875642279095,0.18992603671478392
mDark-1_rinv-0.3_alpha-low,best_min_alpha-5.0,"{'alpha': 5.0, 'grad_eps': 0.1, 'grad_iter': 10, 'grad_eta': 0.02}",AutomatedCMS_mZprime-2000_mDark-1_rinv-0.3_alpha-low.h5,mDark-1_rinv-0.3_alpha-low,True,False,0.7141629753392674,0.6901481673251997,0.1504450605574201,0.0,0.0,0.7142241597175598,0.6908048987388611,0.9672102089238204,0.5242369386244835,0.4139833911406645,0.7896875642279095,0.18992603671478392
mDark-1_rinv-0.3_alpha-low,best_min_alpha-5.0,"{'alpha': 5.0, 'grad_eps': 0.1, 'grad_iter': 10, 'grad_eta': 0.02}",AutomatedCMS_mZprime-2000_mDark-1_rinv-0.3_alpha-peak.h5,mDark-1_rinv-0.3_alpha-peak,False,False,0.5195953769618384,0.4718168930349154,0.01745996084347017,0.014542397011375578,0.0034797080914182616,0.5196118950843811,0.5620812177658081,1.0817327761030766,0.5242369386244835,0.4139833911406645,0.7896875642279095,0.18992603671478392
mDark-1_rinv-0.3_alpha-low,best_min_alpha-5.0,"{'alpha': 5.0, 'grad_eps': 0.1, 'grad_iter': 10, 'grad_eta': 0.02}",AutomatedCMS_mZprime-2000_mDark-1_rinv-0.8_alpha-peak.h5,mDark-1_rinv-0.8_alpha-peak,False,False,0.567228155589709,0.49907679265379745,0.04303332458672265,0.00823963664815086,0.0019917700803128986,0.5671797394752502,0.6527172327041626,1.1508119688972862,0.5242369386244835,0.4139833911406645,0.7896875642279095,0.18992603671478392
mDark-1_rinv-0.3_alpha-low,best_min_alpha-5.0,"{'alpha': 5.0, 'grad_eps': 0.1, 'grad_iter': 10, 'grad_eta': 0.02}",AutomatedCMS_mZprime-2000_mDark-5_rinv-0.3_alpha-peak.h5,mDark-5_rinv-0.3_alpha-peak,False,True,0.4139833911406645,0.36699248068991647,0.0009356099842951181,0.01690565897884702,0.004115820727888723,0.4139183759689331,0.4641009271144867,1.1212377948383718,0.5242369386244835,0.4139833911406645,0.7896875642279095,0.18992603671478392
mDark-1_rinv-0.3_alpha-peak,baseline,,AutomatedCMS_mZprime-2000_mDark-1_rinv-0.2_alpha-peak.h5,mDark-1_rinv-0.2_alpha-peak,False,False,0.7141655118786785,0.6451008689581582,0.048492073720840315,0.001880810073041278,0.0004514805568921013,0.7141577005386353,0.6383320093154907,0.8938250036848235,0.7160843829908029,0.645341824991488,0.9012091875208182,0.0225193430846643
mDark-1_rinv-0.3_alpha-peak,baseline,,AutomatedCMS_mZprime-2000_mDark-1_rinv-0.3_alpha-high.h5,mDark-1_rinv-0.3_alpha-high,False,False,0.7622866152434535,0.7354876207333849,0.12305272391784386,0.010496009750744965,0.0027573992354214373,0.7622749209403992,0.6996859312057495,0.917891841886343,0.7160843829908029,0.645341824991488,0.9012091875208182,0.0225193430846643
mDark-1_rinv-0.3_alpha-peak,baseline,,AutomatedCMS_mZprime-2000_mDark-1_rinv-0.3_alpha-low.h5,mDark-1_rinv-0.3_alpha-low,False,False,0.645341824991488,0.619965424896854,0.14435283817306288,0.018912472009214358,0.00485631166232979,0.6453455090522766,0.5694247484207153,0.8823564128569595,0.7160843829908029,0.645341824991488,0.9012091875208182,0.0225193430846643
mDark-1_rinv-0.3_alpha-peak,baseline,,AutomatedCMS_mZprime-2000_mDark-1_rinv-0.3_alpha-peak.h5,mDark-1_rinv-0.3_alpha-peak,True,False,0.7386037260754672,0.6714796379220478,0.059152036460506464,0.0,0.0,0.738580584526062,0.6759741902351379,0.9152341726785334,0.7160843829908029,0.645341824991488,0.9012091875208182,0.0225193430846643
mDark-1_rinv-0.3_alpha-peak,baseline,,AutomatedCMS_mZprime-2000_mDark-1_rinv-0.8_alpha-peak.h5,mDark-1_rinv-0.8_alpha-peak,False,False,0.7683598945408654,0.6834851992457125,0.11669228174082542,0.01121837788875015,0.003032810506780453,0.7683272361755371,0.7779260277748108,1.0124931033904943,0.7160843829908029,0.645341824991488,0.9012091875208182,0.0225193430846643
mDark-1_rinv-0.3_alpha-peak,baseline,,AutomatedCMS_mZprime-2000_mDark-5_rinv-0.3_alpha-peak.h5,mDark-5_rinv-0.3_alpha-peak,False,True,0.6902680682995289,0.5749216548868268,0.006983660239917131,0.015238997782644596,0.003057318484795792,0.6902579069137573,0.6638026833534241,0.9616734219262791,0.7160843829908029,0.645341824991488,0.9012091875208182,0.0225193430846643
mDark-1_rinv-0.3_alpha-peak,best_avg_alpha-0.2,"{'alpha': 0.2, 'grad_eps': 0.5, 'grad_iter': 20, 'grad_eta': 0.1}",AutomatedCMS_mZprime-2000_mDark-1_rinv-0.2_alpha-peak.h5,mDark-1_rinv-0.2_alpha-peak,False,False,0.6520871431026336,0.5666699867992447,0.018945740430467845,0.0011429291253599997,0.00028410763053702203,0.6521191000938416,0.6365580558776855,0.9761377266607945,0.6606526843432883,0.5828283155795515,0.8822007832434725,0.013529807766563984
mDark-1_rinv-0.3_alpha-peak,best_avg_alpha-0.2,"{'alpha': 0.2, 'grad_eps': 0.5, 'grad_iter': 20, 'grad_eta': 0.1}",AutomatedCMS_mZprime-2000_mDark-1_rinv-0.3_alpha-high.h5,mDark-1_rinv-0.3_alpha-high,False,False,0.7299692674712888,0.6854089881468873,0.04464744850116458,0.009139171845001704,0.0023297995333031478,0.7299605011940002,0.712064266204834,0.9754832830545033,0.6606526843432883,0.5828283155795515,0.8822007832434725,0.013529807766563984
mDark-1_rinv-0.3_alpha-peak,best_avg_alpha-0.2,"{'alpha': 0.2, 'grad_eps': 0.5, 'grad_iter': 20, 'grad_eta': 0.1}",AutomatedCMS_mZprime-2000_mDark-1_rinv-0.3_alpha-low.h5,mDark-1_rinv-0.3_alpha-low,False,False,0.5828283155795515,0.5062486115664812,0.015941923245294032,0.011279538980975994,0.0028713618902709665,0.5828209519386292,0.5430957078933716,0.9318397118135165,0.6606526843432883,0.5828283155795515,0.8822007832434725,0.013529807766563984
mDark-1_rinv-0.3_alpha-peak,best_avg_alpha-0.2,"{'alpha': 0.2, 'grad_eps': 0.5, 'grad_iter': 20, 'grad_eta': 0.1}",AutomatedCMS_mZprime-2000_mDark-1_rinv-0.3_alpha-peak.h5,mDark-1_rinv-0.3_alpha-peak,True,False,0.6741824921098523,0.5891312005222409,0.022723625509516322,0.0,0.0,0.6741299033164978,0.6680079102516174,0.9909186745243578,0.6606526843432883,0.5828283155795515,0.8822007832434725,0.013529807766563984
mDark-1_rinv-0.3_alpha-peak,best_avg_alpha-0.2,"{'alpha': 0.2, 'grad_eps': 0.5, 'grad_iter': 20, 'grad_eta': 0.1}",AutomatedCMS_mZprime-2000_mDark-1_rinv-0.8_alpha-peak.h5,mDark-1_rinv-0.8_alpha-peak,False,False,0.700891457060389,0.5991720746236747,0.04355812122802414,0.004430710533961525,0.00116093495628903,0.7009022235870361,0.746347188949585,1.064837810229754,0.6606526843432883,0.5828283155795515,0.8822007832434725,0.013529807766563984
mDark-1_rinv-0.3_alpha-peak,best_avg_alpha-0.2,"{'alpha': 0.2, 'grad_eps': 0.5, 'grad_iter': 20, 'grad_eta': 0.1}",AutomatedCMS_mZprime-2000_mDark-5_rinv-0.3_alpha-peak.h5,mDark-5_rinv-0.3_alpha-peak,False,True,0.6374872385025785,0.5156094432212305,0.005212684198215658,0.003188340364456921,0.0008002733941174725,0.6374650001525879,0.6613358855247498,1.0374465819557905,0.6606526843432883,0.5828283155795515,0.8822007832434725,0.013529807766563984
mDark-1_rinv-0.3_alpha-peak,best_min_alpha-5.0,"{'alpha': 5.0, 'grad_eps': 0.1, 'grad_iter': 10, 'grad_eta': 0.02}",AutomatedCMS_mZprime-2000_mDark-1_rinv-0.2_alpha-peak.h5,mDark-1_rinv-0.2_alpha-peak,False,False,0.6243460484598531,0.5482098458118949,0.020653434720969196,0.0009707345355455382,0.00020719148239755676,0.6243019700050354,0.6120954155921936,0.9804476759656175,0.6236572152682186,0.4903257176905491,0.7862102861740691,0.022346280575412103
mDark-1_rinv-0.3_alpha-peak,best_min_alpha-5.0,"{'alpha': 5.0, 'grad_eps': 0.1, 'grad_iter': 10, 'grad_eta': 0.02}",AutomatedCMS_mZprime-2000_mDark-1_rinv-0.3_alpha-high.h5,mDark-1_rinv-0.3_alpha-high,False,False,0.70619341218226,0.6728860687264335,0.062191838833600535,0.01070141235396082,0.0022437465142441278,0.7061560153961182,0.7109208106994629,1.0067475107475674,0.6236572152682186,0.4903257176905491,0.7862102861740691,0.022346280575412103
mDark-1_rinv-0.3_alpha-peak,best_min_alpha-5.0,"{'alpha': 5.0, 'grad_eps': 0.1, 'grad_iter': 10, 'grad_eta': 0.02}",AutomatedCMS_mZprime-2000_mDark-1_rinv-0.3_alpha-low.h5,mDark-1_rinv-0.3_alpha-low,False,False,0.4903257176905491,0.44669061967800516,0.02878301473807092,0.027985027450948212,0.007336054963161572,0.49030357599258423,0.5143401026725769,1.049023763759692,0.6236572152682186,0.4903257176905491,0.7862102861740691,0.022346280575412103
mDark-1_rinv-0.3_alpha-peak,best_min_alpha-5.0,"{'alpha': 5.0, 'grad_eps': 0.1, 'grad_iter': 10, 'grad_eta': 0.02}",AutomatedCMS_mZprime-2000_mDark-1_rinv-0.3_alpha-peak.h5,mDark-1_rinv-0.3_alpha-peak,True,False,0.6460034958436307,0.5675980601545508,0.023461822383413038,0.0,0.0,0.6459251642227173,0.6379461288452148,0.9876471210297185,0.6236572152682186,0.4903257176905491,0.7862102861740691,0.022346280575412103
mDark-1_rinv-0.3_alpha-peak,best_min_alpha-5.0,"{'alpha': 5.0, 'grad_eps': 0.1, 'grad_iter': 10, 'grad_eta': 0.02}",AutomatedCMS_mZprime-2000_mDark-1_rinv-0.8_alpha-peak.h5,mDark-1_rinv-0.8_alpha-peak,False,False,0.6505277829840936,0.5465398337162574,0.031600254901225776,0.004182281951135065,0.0006759626211354794,0.6505362391471863,0.6835020184516907,1.0506747776998873,0.6236572152682186,0.4903257176905491,0.7862102861740691,0.022346280575412103
mDark-1_rinv-0.3_alpha-peak,best_min_alpha-5.0,"{'alpha': 5.0, 'grad_eps': 0.1, 'grad_iter': 10, 'grad_eta': 0.02}",AutomatedCMS_mZprime-2000_mDark-5_rinv-0.3_alpha-peak.h5,mDark-5_rinv-0.3_alpha-peak,False,True,0.646893115024337,0.538077294497054,0.00942292912754369,0.003490724362435375,0.0007530113510698631,0.6468927264213562,0.6310396790504456,0.975493545183897,0.6236572152682186,0.4903257176905491,0.7862102861740691,0.022346280575412103
mDark-1_rinv-0.8_alpha-peak,baseline,,AutomatedCMS_mZprime-2000_mDark-1_rinv-0.2_alpha-peak.h5,mDark-1_rinv-0.2_alpha-peak,False,False,0.5915396240924518,0.5134567134580553,0.021072303131846888,0.22006349981106993,0.041919633584064364,0.5915077924728394,0.5685204863548279,0.9611377797375898,0.6699212199611555,0.5311673757253761,0.7928803565233762,0.2405200560443923
mDark-1_rinv-0.8_alpha-peak,baseline,,AutomatedCMS_mZprime-2000_mDark-1_rinv-0.3_alpha-high.h5,mDark-1_rinv-0.3_alpha-high,False,False,0.818515243655283,0.7874193418950998,0.14579993345231254,0.024701706170553124,0.006013519208440252,0.8184824585914612,0.7137582302093506,0.8720507357453547,0.6699212199611555,0.5311673757253761,0.7928803565233762,0.2405200560443923
mDark-1_rinv-0.8_alpha-peak,baseline,,AutomatedCMS_mZprime-2000_mDark-1_rinv-0.3_alpha-low.h5,mDark-1_rinv-0.3_alpha-low,False,False,0.7530237574784766,0.7273390345663002,0.19940172187363198,0.03470997122605393,0.008422613492615905,0.7529776096343994,0.6499096751213074,0.863119522819363,0.6699212199611555,0.5311673757253761,0.7928803565233762,0.2405200560443923
mDark-1_rinv-0.8_alpha-peak,baseline,,AutomatedCMS_mZprime-2000_mDark-1_rinv-0.3_alpha-peak.h5,mDark-1_rinv-0.3_alpha-peak,False,False,0.6553600988541901,0.5780832379982963,0.03437429791058189,0.17504521836168557,0.03571761793922037,0.6553174257278442,0.6161312460899353,0.9402027504542766,0.6699212199611555,0.5311673757253761,0.7928803565233762,0.2405200560443923
mDark-1_rinv-0.8_alpha-peak,baseline,,AutomatedCMS_mZprime-2000_mDark-1_rinv-0.8_alpha-peak.h5,mDark-1_rinv-0.8_alpha-peak,True,False,0.9104412760055478,0.8718384660361926,0.2733440791693219,0.0,0.0,0.9104282855987549,0.8678887486457825,0.9532752467977247,0.6699212199611555,0.5311673757253761,0.7928803565233762,0.2405200560443923
mDark-1_rinv-0.8_alpha-peak,baseline,,AutomatedCMS_mZprime-2000_mDark-5_rinv-0.3_alpha-peak.h5,mDark-5_rinv-0.3_alpha-peak,False,True,0.5311673757253761,0.44143770004755,0.007351221305175928,0.234852536835033,0.04474570049308324,0.5311728715896606,0.5801364183425903,1.0921800592082096,0.6699212199611555,0.5311673757253761,0.7928803565233762,0.2405200560443923
mDark-1_rinv-0.8_alpha-peak,best_avg_alpha-0.2,"{'alpha': 0.2, 'grad_eps': 0.5, 'grad_iter': 20, 'grad_eta': 0.1}",AutomatedCMS_mZprime-2000_mDark-1_rinv-0.2_alpha-peak.h5,mDark-1_rinv-0.2_alpha-peak,False,False,0.5578978940585126,0.4765319370732443,0.004027580873823947,0.07731168777086989,0.017948684237404734,0.5579421520233154,0.585017204284668,1.048526629800541,0.6247462707265906,0.5418716900012251,0.8673468180466594,0.23679826126726178
mDark-1_rinv-0.8_alpha-peak,best_avg_alpha-0.2,"{'alpha': 0.2, 'grad_eps': 0.5, 'grad_iter': 20, 'grad_eta': 0.1}",AutomatedCMS_mZprime-2000_mDark-1_rinv-0.3_alpha-high.h5,mDark-1_rinv-0.3_alpha-high,False,False,0.7442408933522895,0.6692523606139722,0.035724008590701475,0.024359701448841867,0.0060461882146152016,0.7442333102226257,0.7567453980445862,1.0168120502671638,0.6247462707265906,0.5418716900012251,0.8673468180466594,0.23679826126726178
mDark-1_rinv-0.8_alpha-peak,best_avg_alpha-0.2,"{'alpha': 0.2, 'grad_eps': 0.5, 'grad_iter': 20, 'grad_eta': 0.1}",AutomatedCMS_mZprime-2000_mDark-1_rinv-0.3_alpha-low.h5,mDark-1_rinv-0.3_alpha-low,False,False,0.669431314752663,0.5963665158486963,0.05158324821246169,0.024658500927184364,0.006013750559687899,0.6694025993347168,0.6436297297477722,0.9614987010618739,0.6247462707265906,0.5418716900012251,0.8673468180466594,0.23679826126726178
mDark-1_rinv-0.8_alpha-peak,best_avg_alpha-0.2,"{'alpha': 0.2, 'grad_eps': 0.5, 'grad_iter': 20, 'grad_eta': 0.1}",AutomatedCMS_mZprime-2000_mDark-1_rinv-0.3_alpha-peak.h5,mDark-1_rinv-0.3_alpha-peak,False,False,0.6102895614682629,0.5222166563165281,0.005969766023686491,0.0687422838500459,0.016129441427674855,0.6103159189224243,0.6308957934379578,1.0337200356036418,0.6247462707265906,0.5418716900012251,0.8673468180466594,0.23679826126726178
mDark-1_rinv-0.8_alpha-peak,best_avg_alpha-0.2,"{'alpha': 0.2, 'grad_eps': 0.5, 'grad_iter': 20, 'grad_eta': 0.1}",AutomatedCMS_mZprime-2000_mDark-1_rinv-0.8_alpha-peak.h5,mDark-1_rinv-0.8_alpha-peak,True,False,0.8615445319938524,0.7899435306908773,0.12733815646437005,0.0,0.0,0.8614956736564636,0.8555112481117249,0.9930534467812949,0.6247462707265906,0.5418716900012251,0.8673468180466594,0.23679826126726178
mDark-1_rinv-0.8_alpha-peak,best_avg_alpha-0.2,"{'alpha': 0.2, 'grad_eps': 0.5, 'grad_iter': 20, 'grad_eta': 0.1}",AutomatedCMS_mZprime-2000_mDark-5_rinv-0.3_alpha-peak.h5,mDark-5_rinv-0.3_alpha-peak,False,True,0.5418716900012251,0.447158287956577,0.0017375613994052193,0.08201698874662237,0.019177817887621705,0.5419149994850159,0.5923734307289124,1.0931113390325924,0.6247462707265906,0.5418716900012251,0.8673468180466594,0.23679826126726178
mDark-1_rinv-0.8_alpha-peak,best_min_alpha-5.0,"{'alpha': 5.0, 'grad_eps': 0.1, 'grad_iter': 10, 'grad_eta': 0.02}",AutomatedCMS_mZprime-2000_mDark-1_rinv-0.2_alpha-peak.h5,mDark-1_rinv-0.2_alpha-peak,False,False,0.5706210615629163,0.4856781217900303,0.005219744812475834,0.03780159773797766,0.008859272516511228,0.5706081390380859,0.56075119972229,0.9827255542964872,0.603163664936073,0.5473429383724888,0.9074534329426154,0.1928080160375497
mDark-1_rinv-0.8_alpha-peak,best_min_alpha-5.0,"{'alpha': 5.0, 'grad_eps': 0.1, 'grad_iter': 10, 'grad_eta': 0.02}",AutomatedCMS_mZprime-2000_mDark-1_rinv-0.3_alpha-high.h5,mDark-1_rinv-0.3_alpha-high,False,False,0.6883548697782753,0.6154175049742743,0.024713391209655464,0.03755887260173654,0.008513123548286943,0.6883567571640015,0.6620103120803833,0.9617255953262313,0.603163664936073,0.5473429383724888,0.9074534329426154,0.1928080160375497
mDark-1_rinv-0.8_alpha-peak,best_min_alpha-5.0,"{'alpha': 5.0, 'grad_eps': 0.1, 'grad_iter': 10, 'grad_eta': 0.02}",AutomatedCMS_mZprime-2000_mDark-1_rinv-0.3_alpha-low.h5,mDark-1_rinv-0.3_alpha-low,False,False,0.5473429383724888,0.48254287610947094,0.037939588501386255,0.02657551241348318,0.006394956713015635,0.5473150014877319,0.5393706560134888,0.9854848753411681,0.603163664936073,0.5473429383724888,0.9074534329426154,0.1928080160375497
mDark-1_rinv-0.8_alpha-peak,best_min_alpha-5.0,"{'alpha': 5.0, 'grad_eps': 0.1, 'grad_iter': 10, 'grad_eta': 0.02}",AutomatedCMS_mZprime-2000_mDark-1_rinv-0.3_alpha-peak.h5,mDark-1_rinv-0.3_alpha-peak,False,False,0.6121806053214366,0.5254327972859647,0.00853740732419681,0.03175389691526515,0.007389014268729059,0.6122325658798218,0.5973663330078125,0.9757179972113286,0.603163664936073,0.5473429383724888,0.9074534329426154,0.1928080160375497
mDark-1_rinv-0.8_alpha-peak,best_min_alpha-5.0,"{'alpha': 5.0, 'grad_eps': 0.1, 'grad_iter': 10, 'grad_eta': 0.02}",AutomatedCMS_mZprime-2000_mDark-1_rinv-0.8_alpha-peak.h5,mDark-1_rinv-0.8_alpha-peak,True,False,0.7959716809736227,0.7110364252954834,0.08786595194362185,0.0,0.0,0.7958953380584717,0.7760835886001587,0.9751075945404551,0.603163664936073,0.5473429383724888,0.9074534329426154,0.1928080160375497
mDark-1_rinv-0.8_alpha-peak,best_min_alpha-5.0,"{'alpha': 5.0, 'grad_eps': 0.1, 'grad_iter': 10, 'grad_eta': 0.02}",AutomatedCMS_mZprime-2000_mDark-5_rinv-0.3_alpha-peak.h5,mDark-5_rinv-0.3_alpha-peak,False,True,0.597318849645248,0.48416644128089475,0.0027734153105891,0.03625845615085435,0.008440347080314142,0.5972941517829895,0.5872606635093689,0.9832017637479464,0.603163664936073,0.5473429383724888,0.9074534329426154,0.1928080160375497
mDark-5_rinv-0.3_alpha-peak,baseline,,AutomatedCMS_mZprime-2000_mDark-1_rinv-0.2_alpha-peak.h5,mDark-1_rinv-0.2_alpha-peak,False,True,0.6480726408042273,0.5821965328426566,0.031060703698930273,0.037995842509287454,0.007908279510243706,0.6480692625045776,0.6194165349006653,0.9557875534889915,0.5283205870374278,0.32436831606595656,0.6139611516652432,0.2662228865260211
mDark-5_rinv-0.3_alpha-peak,baseline,,AutomatedCMS_mZprime-2000_mDark-1_rinv-0.3_alpha-high.h5,mDark-1_rinv-0.3_alpha-high,False,True,0.4973058422819807,0.44901297914093863,0.004809582866995372,0.14736993097671938,0.022514661147334608,0.49732524156570435,0.5231834650039673,1.0519945928279344,0.5283205870374278,0.32436831606595656,0.6139611516652432,0.2662228865260211
mDark-5_rinv-0.3_alpha-peak,baseline,,AutomatedCMS_mZprime-2000_mDark-1_rinv-0.3_alpha-low.h5,mDark-1_rinv-0.3_alpha-low,False,True,0.32436831606595656,0.3189444463097231,0.0012768130745658835,0.1320555905392612,0.021456344968906582,0.32438352704048157,0.3665359318256378,1.129946194153983,0.5283205870374278,0.32436831606595656,0.6139611516652432,0.2662228865260211
mDark-5_rinv-0.3_alpha-peak,baseline,,AutomatedCMS_mZprime-2000_mDark-1_rinv-0.3_alpha-peak.h5,mDark-1_rinv-0.3_alpha-peak,False,True,0.6421400310256657,0.5683112153411535,0.024488878903617166,0.04279705589884913,0.008637802700215746,0.6421595811843872,0.6368136405944824,0.9916750590561231,0.5283205870374278,0.32436831606595656,0.6139611516652432,0.2662228865260211
mDark-5_rinv-0.3_alpha-peak,baseline,,AutomatedCMS_mZprime-2000_mDark-1_rinv-0.8_alpha-peak.h5,mDark-1_rinv-0.8_alpha-peak,False,True,0.5297161050093089,0.4080623154203491,0.004798140720470818,0.07899112159591822,0.014621135863859287,0.5297398567199707,0.6392456889152527,1.2067162415781159,0.5283205870374278,0.32436831606595656,0.6139611516652432,0.2662228865260211
mDark-5_rinv-0.3_alpha-peak,baseline,,AutomatedCMS_mZprime-2000_mDark-5_rinv-0.3_alpha-peak.h5,mDark-5_rinv-0.3_alpha-peak,True,False,0.7945434735634489,0.7485584936487474,0.1231329568616968,0.0,0.0,0.7945275902748108,0.7381744384765625,0.9290733858861252,0.5283205870374278,0.32436831606595656,0.6139611516652432,0.2662228865260211
mDark-5_rinv-0.3_alpha-peak,best_avg_alpha-0.2,"{'alpha': 0.2, 'grad_eps': 0.5, 'grad_iter': 20, 'grad_eta': 0.1}",AutomatedCMS_mZprime-2000_mDark-1_rinv-0.2_alpha-peak.h5,mDark-1_rinv-0.2_alpha-peak,False,True,0.6050489032091765,0.5223929652439314,0.012243845856424797,0.013209757063951513,0.0032110168156292192,0.6050702333450317,0.6053640246391296,1.0004855490782842,0.5466243049866194,0.3684793812928644,0.6740998852985219,0.17861148610503708
mDark-5_rinv-0.3_alpha-peak,best_avg_alpha-0.2,"{'alpha': 0.2, 'grad_eps': 0.5, 'grad_iter': 20, 'grad_eta': 0.1}",AutomatedCMS_mZprime-2000_mDark-1_rinv-0.3_alpha-high.h5,mDark-1_rinv-0.3_alpha-high,False,True,0.5394989358419795,0.4883005378798136,0.005626304485919114,0.03107415938567102,0.007525479303241213,0.5394672751426697,0.6038607358932495,1.1193649063023334,0.5466243049866194,0.3684793812928644,0.6740998852985219,0.17861148610503708
mDark-5_rinv-0.3_alpha-peak,best_avg_alpha-0.2,"{'alpha': 0.2, 'grad_eps': 0.5, 'grad_iter': 20, 'grad_eta': 0.1}",AutomatedCMS_mZprime-2000_mDark-1_rinv-0.3_alpha-low.h5,mDark-1_rinv-0.3_alpha-low,False,True,0.3684793812928644,0.3488441439906429,0.006238143878593317,0.05529439176237874,0.01347622514455233,0.36849042773246765,0.4264315366744995,1.1572391155411461,0.5466243049866194,0.3684793812928644,0.6740998852985219,0.17861148610503708
mDark-5_rinv-0.3_alpha-peak,best_avg_alpha-0.2,"{'alpha': 0.2, 'grad_eps': 0.5, 'grad_iter': 20, 'grad_eta': 0.1}",AutomatedCMS_mZprime-2000_mDark-1_rinv-0.3_alpha-peak.h5,mDark-1_rinv-0.3_alpha-peak,False,True,0.6124194515946122,0.5290191036183485,0.012806110986295215,0.01147727856657328,0.0027931781567170403,0.6123841404914856,0.6323398351669312,1.0325868900841058,0.5466243049866194,0.3684793812928644,0.6740998852985219,0.17861148610503708
mDark-5_rinv-0.3_alpha-peak,best_avg_alpha-0.2,"{'alpha': 0.2, 'grad_eps': 0.5, 'grad_iter': 20, 'grad_eta': 0.1}",AutomatedCMS_mZprime-2000_mDark-1_rinv-0.8_alpha-peak.h5,mDark-1_rinv-0.8_alpha-peak,False,True,0.6076748529944647,0.5164298499236776,0.025415151628743863,0.013408874514519924,0.003534058677434314,0.6076841354370117,0.6638551950454712,1.0924346322914362,0.5466243049866194,0.3684793812928644,0.6740998852985219,0.17861148610503708
mDark-5_rinv-0.3_alpha-peak,best_avg_alpha-0.2,"{'alpha': 0.2, 'grad_eps': 0.5, 'grad_iter': 20, 'grad_eta': 0.1}",AutomatedCMS_mZprime-2000_mDark-5_rinv-0.3_alpha-peak.h5,mDark-5_rinv-0.3_alpha-peak,True,False,0.7252357910916565,0.6266892335387914,0.02034951715841882,0.0,0.0,0.7252399921417236,0.7034594416618347,0.9699678027744054,0.5466243049866194,0.3684793812928644,0.6740998852985219,0.17861148610503708
mDark-5_rinv-0.3_alpha-peak,best_min_alpha-5.0,"{'alpha': 5.0, 'grad_eps': 0.1, 'grad_iter': 10, 'grad_eta': 0.02}",AutomatedCMS_mZprime-2000_mDark-1_rinv-0.2_alpha-peak.h5,mDark-1_rinv-0.2_alpha-peak,False,True,0.6037825110624221,0.5349382058672509,0.02029900760407269,0.02474995953644286,0.0042778921265070845,0.603767991065979,0.5815140604972839,0.9631415860098764,0.5511620358438487,0.3730911581302593,0.6769173743235842,0.16090955925979245
mDark-5_rinv-0.3_alpha-peak,best_min_alpha-5.0,"{'alpha': 5.0, 'grad_eps': 0.1, 'grad_iter': 10, 'grad_eta': 0.02}",AutomatedCMS_mZprime-2000_mDark-1_rinv-0.3_alpha-high.h5,mDark-1_rinv-0.3_alpha-high,False,True,0.604887674763302,0.5632865098218082,0.02232372425058229,0.03049369648027911,0.004284682972176022,0.6048974990844727,0.5788975358009338,0.9570175718648359,0.5511620358438487,0.3730911581302593,0.6769173743235842,0.16090955925979245
mDark-5_rinv-0.3_alpha-peak,best_min_alpha-5.0,"{'alpha': 5.0, 'grad_eps': 0.1, 'grad_iter': 10, 'grad_eta': 0.02}",AutomatedCMS_mZprime-2000_mDark-1_rinv-0.3_alpha-low.h5,mDark-1_rinv-0.3_alpha-low,False,True,0.3730911581302593,0.3526524847448068,0.008135123303662629,0.08489089091740085,0.014271085216865197,0.37307703495025635,0.375088632106781,1.0053919082872331,0.5511620358438487,0.3730911581302593,0.6769173743235842,0.16090955925979245
mDark-5_rinv-0.3_alpha-peak,best_min_alpha-5.0,"{'alpha': 5.0, 'grad_eps': 0.1, 'grad_iter': 10, 'grad_eta': 0.02}",AutomatedCMS_mZprime-2000_mDark-1_rinv-0.3_alpha-peak.h5,mDark-1_rinv-0.3_alpha-peak,False,True,0.6072811417444983,0.5350723863500527,0.016144044676958628,0.017359860052960197,0.003686309365859534,0.6072452068328857,0.5879913568496704,0.9682931215157141,0.5511620358438487,0.3730911581302593,0.6769173743235842,0.16090955925979245
mDark-5_rinv-0.3_alpha-peak,best_min_alpha-5.0,"{'alpha': 5.0, 'grad_eps': 0.1, 'grad_iter': 10, 'grad_eta': 0.02}",AutomatedCMS_mZprime-2000_mDark-1_rinv-0.8_alpha-peak.h5,mDark-1_rinv-0.8_alpha-peak,False,True,0.5667676935187616,0.47324951795208126,0.017355774637328035,0.02225731365222082,0.0037264580830306156,0.5667925477027893,0.5617341995239258,0.9910754857321872,0.5511620358438487,0.3730911581302593,0.6769173743235842,0.16090955925979245
mDark-5_rinv-0.3_alpha-peak,best_min_alpha-5.0,"{'alpha': 5.0, 'grad_eps': 0.1, 'grad_iter': 10, 'grad_eta': 0.02}",AutomatedCMS_mZprime-2000_mDark-5_rinv-0.3_alpha-peak.h5,mDark-5_rinv-0.3_alpha-peak,True,False,0.7120715951036412,0.6280991893617509,0.037791960437063524,0.0,0.0,0.7120022177696228,0.6931660771369934,0.9735448287062441,0.5511620358438487,0.3730911581302593,0.6769173743235842,0.16090955925979245
