config_name,config,target_dataset,is_source,gen_auc,gen_pr_auc,sig_eff_at_1pct,stability_kl,stability_js,clean_auc,robust_auc,robustness_score
config_baseline,,AutomatedCMS_mZprime-2000_mDark-1_rinv-0.2_alpha-peak.h5,False,0.6124149460841174,0.5453743622379438,0.02458435365382137,0.17777130300382388,0.03667616664717335,0.612395167350769,0.5959588289260864,0.9731605680433657
config_baseline,,AutomatedCMS_mZprime-2000_mDark-1_rinv-0.3_alpha-high.h5,True,0.9034013301471108,0.8880177977365838,0.2612904201578995,0.0,0.0,0.9033924341201782,0.8288977742195129,0.9175389818565214
config_baseline,,AutomatedCMS_mZprime-2000_mDark-1_rinv-0.3_alpha-low.h5,False,0.8083536178802471,0.7781649339263239,0.21293594046403036,0.025427953897626015,0.006181151769738338,0.8083429336547852,0.7310158610343933,0.9043387782574277
config_baseline,,AutomatedCMS_mZprime-2000_mDark-1_rinv-0.3_alpha-peak.h5,False,0.6565406250066865,0.5932708376292635,0.038450428475142025,0.15236754160060828,0.032444670815814314,0.6565495133399963,0.6458321809768677,0.9836762770432842
config_baseline,,AutomatedCMS_mZprime-2000_mDark-1_rinv-0.8_alpha-peak.h5,False,0.8264264097662155,0.7777890275471064,0.18783971211155678,0.025037153886189045,0.0060628976136260695,0.8264357447624207,0.8420201539993286,1.018857375586275
config_baseline,,AutomatedCMS_mZprime-2000_mDark-5_rinv-0.3_alpha-peak.h5,False,0.5149109588888517,0.43571801869037885,0.0048451231329568615,0.21649599653311025,0.044264607412595205,0.5149123072624207,0.5692327618598938,1.1054945741854043
config_alpha-0.2_eps-0.1_iter-10,"{'alpha': 0.2, 'grad_eps': 0.1, 'grad_iter': 10, 'grad_eta': 0.02}",AutomatedCMS_mZprime-2000_mDark-1_rinv-0.2_alpha-peak.h5,False,0.6004184057223869,0.5375698652953128,0.023875499420028354,0.09541573976194376,0.02021670860813267,0.6004250049591064,0.5826951861381531,0.9704712184294175
config_alpha-0.2_eps-0.1_iter-10,"{'alpha': 0.2, 'grad_eps': 0.1, 'grad_iter': 10, 'grad_eta': 0.02}",AutomatedCMS_mZprime-2000_mDark-1_rinv-0.3_alpha-high.h5,True,0.8777390709539511,0.8583417535678832,0.21773193381529993,0.0,0.0,0.877731204032898,0.8366625905036926,0.9532104893382985
config_alpha-0.2_eps-0.1_iter-10,"{'alpha': 0.2, 'grad_eps': 0.1, 'grad_iter': 10, 'grad_eta': 0.02}",AutomatedCMS_mZprime-2000_mDark-1_rinv-0.3_alpha-low.h5,False,0.7810958811226227,0.7502060394814896,0.1934919013570699,0.020140501018838533,0.004950183393703694,0.781084418296814,0.7552515864372253,0.9669269655693322
config_alpha-0.2_eps-0.1_iter-10,"{'alpha': 0.2, 'grad_eps': 0.1, 'grad_iter': 10, 'grad_eta': 0.02}",AutomatedCMS_mZprime-2000_mDark-1_rinv-0.3_alpha-peak.h5,False,0.6394217633276631,0.5788741017328198,0.03479153962191482,0.08144044992039923,0.017911753350505905,0.6394240856170654,0.6187357306480408,0.9676453304866367
config_alpha-0.2_eps-0.1_iter-10,"{'alpha': 0.2, 'grad_eps': 0.1, 'grad_iter': 10, 'grad_eta': 0.02}",AutomatedCMS_mZprime-2000_mDark-1_rinv-0.8_alpha-peak.h5,False,0.7792804923092302,0.739544995955715,0.17025902462795667,0.014288185633928925,0.0035233755510631097,0.7792774438858032,0.7625941038131714,0.9785912704088524
config_alpha-0.2_eps-0.1_iter-10,"{'alpha': 0.2, 'grad_eps': 0.1, 'grad_iter': 10, 'grad_eta': 0.02}",AutomatedCMS_mZprime-2000_mDark-5_rinv-0.3_alpha-peak.h5,False,0.5130481193125495,0.43384145047175177,0.004009757075550506,0.09949094246422194,0.02153423503310129,0.5130196213722229,0.5077517628669739,0.9897316627166061
config_alpha-0.2_eps-0.1_iter-20,"{'alpha': 0.2, 'grad_eps': 0.1, 'grad_iter': 20, 'grad_eta': 0.02}",AutomatedCMS_mZprime-2000_mDark-1_rinv-0.2_alpha-peak.h5,False,0.6063002113674443,0.5383138277437418,0.024133264595953087,0.06967633334199505,0.015729767439260127,0.6062796115875244,0.5965093970298767,0.9838849692931868
config_alpha-0.2_eps-0.1_iter-20,"{'alpha': 0.2, 'grad_eps': 0.1, 'grad_iter': 20, 'grad_eta': 0.02}",AutomatedCMS_mZprime-2000_mDark-1_rinv-0.3_alpha-high.h5,True,0.8640148183550622,0.8400100869293596,0.17795456607882876,0.0,0.0,0.8640172481536865,0.8388093709945679,0.9708247986796731
config_alpha-0.2_eps-0.1_iter-20,"{'alpha': 0.2, 'grad_eps': 0.1, 'grad_iter': 20, 'grad_eta': 0.02}",AutomatedCMS_mZprime-2000_mDark-1_rinv-0.3_alpha-low.h5,False,0.7539462240381342,0.7237920670113076,0.15493214650518022,0.01833572208085657,0.004485583415866028,0.7539451122283936,0.707313597202301,0.9381499869555937
config_alpha-0.2_eps-0.1_iter-20,"{'alpha': 0.2, 'grad_eps': 0.1, 'grad_iter': 20, 'grad_eta': 0.02}",AutomatedCMS_mZprime-2000_mDark-1_rinv-0.3_alpha-peak.h5,False,0.6438870083769298,0.5806723565064145,0.0366530795647848,0.05827856727680875,0.013479879688565578,0.6438732147216797,0.6357259154319763,0.9873464230171073
config_alpha-0.2_eps-0.1_iter-20,"{'alpha': 0.2, 'grad_eps': 0.1, 'grad_iter': 20, 'grad_eta': 0.02}",AutomatedCMS_mZprime-2000_mDark-1_rinv-0.8_alpha-peak.h5,False,0.782868916794742,0.7323506557615636,0.15455261086329047,0.010706685184594888,0.002671786587262788,0.7828604578971863,0.8023984432220459,1.0249571748422954
config_alpha-0.2_eps-0.1_iter-20,"{'alpha': 0.2, 'grad_eps': 0.1, 'grad_iter': 20, 'grad_eta': 0.02}",AutomatedCMS_mZprime-2000_mDark-5_rinv-0.3_alpha-peak.h5,False,0.5413268348536995,0.45093772238891267,0.005145854913623149,0.07950358331398392,0.01773380913195431,0.5413205623626709,0.56577068567276,1.045167549526242
config_alpha-0.2_eps-0.5_iter-10,"{'alpha': 0.2, 'grad_eps': 0.5, 'grad_iter': 10, 'grad_eta': 0.1}",AutomatedCMS_mZprime-2000_mDark-1_rinv-0.2_alpha-peak.h5,False,0.5917529642995231,0.5259592133333608,0.02168449542466813,0.06708129743330163,0.01473875499441894,0.5917555093765259,0.5916856527328491,0.999881950159196
config_alpha-0.2_eps-0.5_iter-10,"{'alpha': 0.2, 'grad_eps': 0.5, 'grad_iter': 10, 'grad_eta': 0.1}",AutomatedCMS_mZprime-2000_mDark-1_rinv-0.3_alpha-high.h5,True,0.8458203454429959,0.8240688070821608,0.17066456940621313,0.0,0.0,0.8458106517791748,0.8100578784942627,0.957729577879274
config_alpha-0.2_eps-0.5_iter-10,"{'alpha': 0.2, 'grad_eps': 0.5, 'grad_iter': 10, 'grad_eta': 0.1}",AutomatedCMS_mZprime-2000_mDark-1_rinv-0.3_alpha-low.h5,False,0.759717365630624,0.7346061331695029,0.18940609951845908,0.018350058788521095,0.004470015911552829,0.759713888168335,0.6740401983261108,0.8872290066346123
config_alpha-0.2_eps-0.5_iter-10,"{'alpha': 0.2, 'grad_eps': 0.5, 'grad_iter': 10, 'grad_eta': 0.1}",AutomatedCMS_mZprime-2000_mDark-1_rinv-0.3_alpha-peak.h5,False,0.6270002871478855,0.5645388918306635,0.03286580864653208,0.05719601140941541,0.012929935411177828,0.6270169615745544,0.6256146430969238,0.997763507905577
config_alpha-0.2_eps-0.5_iter-10,"{'alpha': 0.2, 'grad_eps': 0.5, 'grad_iter': 10, 'grad_eta': 0.1}",AutomatedCMS_mZprime-2000_mDark-1_rinv-0.8_alpha-peak.h5,False,0.7832942979595406,0.7286662543773936,0.15440266896577576,0.00960820018056907,0.002352204132263474,0.7832851409912109,0.7920497059822083,1.0111894947731375
config_alpha-0.2_eps-0.5_iter-10,"{'alpha': 0.2, 'grad_eps': 0.5, 'grad_iter': 10, 'grad_eta': 0.1}",AutomatedCMS_mZprime-2000_mDark-5_rinv-0.3_alpha-peak.h5,False,0.5500504783862955,0.45755216648520425,0.003675610652587964,0.04949856491983334,0.011139677072252378,0.5500388741493225,0.5920108556747437,1.0763073002618844
config_alpha-0.2_eps-0.5_iter-20,"{'alpha': 0.2, 'grad_eps': 0.5, 'grad_iter': 20, 'grad_eta': 0.1}",AutomatedCMS_mZprime-2000_mDark-1_rinv-0.2_alpha-peak.h5,False,0.5963529080207931,0.5359554176980837,0.0229411006573012,0.07290886523911941,0.01598778551636823,0.5963331460952759,0.5795425772666931,0.9718436432076172
config_alpha-0.2_eps-0.5_iter-20,"{'alpha': 0.2, 'grad_eps': 0.5, 'grad_iter': 20, 'grad_eta': 0.1}",AutomatedCMS_mZprime-2000_mDark-1_rinv-0.3_alpha-high.h5,True,0.8587318422618146,0.8313918897771978,0.16056142049063796,0.0,0.0,0.8587260246276855,0.8143216967582703,0.9482904598254519
config_alpha-0.2_eps-0.5_iter-20,"{'alpha': 0.2, 'grad_eps': 0.5, 'grad_iter': 20, 'grad_eta': 0.1}",AutomatedCMS_mZprime-2000_mDark-1_rinv-0.3_alpha-low.h5,False,0.7642640366749356,0.7184510508802145,0.12625857288778636,0.018804711840936333,0.00458657480539975,0.7642561793327332,0.7260478734970093,0.9500058921746851
config_alpha-0.2_eps-0.5_iter-20,"{'alpha': 0.2, 'grad_eps': 0.5, 'grad_iter': 20, 'grad_eta': 0.1}",AutomatedCMS_mZprime-2000_mDark-1_rinv-0.3_alpha-peak.h5,False,0.6364656819762279,0.5768022674970167,0.033957056199248964,0.06038458953692889,0.01373880732861692,0.6364718079566956,0.6202890872955322,0.974574332344561
config_alpha-0.2_eps-0.5_iter-20,"{'alpha': 0.2, 'grad_eps': 0.5, 'grad_iter': 20, 'grad_eta': 0.1}",AutomatedCMS_mZprime-2000_mDark-1_rinv-0.8_alpha-peak.h5,False,0.7966473401556897,0.730096823920101,0.1243393185140758,0.010807205019511358,0.0026793641553737825,0.7966114282608032,0.7910795211791992,0.9930557020834091
config_alpha-0.2_eps-0.5_iter-20,"{'alpha': 0.2, 'grad_eps': 0.5, 'grad_iter': 20, 'grad_eta': 0.1}",AutomatedCMS_mZprime-2000_mDark-5_rinv-0.3_alpha-peak.h5,False,0.5373218779028971,0.466734177676621,0.011528051592207706,0.06797037739687053,0.015202935204220835,0.5373167395591736,0.5256878137588501,0.9783574101751155
config_alpha-1.0_eps-0.1_iter-10,"{'alpha': 1.0, 'grad_eps': 0.1, 'grad_iter': 10, 'grad_eta': 0.02}",AutomatedCMS_mZprime-2000_mDark-1_rinv-0.2_alpha-peak.h5,False,0.6025135979722472,0.5407893138304041,0.025164325299652016,0.04338265430421015,0.009957648494429105,0.6024841666221619,0.5931181907653809,0.9844544033259969
config_alpha-1.0_eps-0.1_iter-10,"{'alpha': 1.0, 'grad_eps': 0.1, 'grad_iter': 10, 'grad_eta': 0.02}",AutomatedCMS_mZprime-2000_mDark-1_rinv-0.3_alpha-high.h5,True,0.8441286011877753,0.8225165378996437,0.17120905048549562,0.0,0.0,0.844111979007721,0.8190492391586304,0.9703087499379495
config_alpha-1.0_eps-0.1_iter-10,"{'alpha': 1.0, 'grad_eps': 0.1, 'grad_iter': 10, 'grad_eta': 0.02}",AutomatedCMS_mZprime-2000_mDark-1_rinv-0.3_alpha-low.h5,False,0.7247213152390681,0.6809621521006387,0.1273165037209981,0.01848797782589859,0.004532334875654304,0.7247493267059326,0.6944798231124878,0.9582345198842431
config_alpha-1.0_eps-0.1_iter-10,"{'alpha': 1.0, 'grad_eps': 0.1, 'grad_iter': 10, 'grad_eta': 0.02}",AutomatedCMS_mZprime-2000_mDark-1_rinv-0.3_alpha-peak.h5,False,0.6393974002631833,0.5783628987982087,0.03536925891452964,0.037586972228129005,0.008790333566629643,0.6394057869911194,0.6269533038139343,0.9805249132389257
config_alpha-1.0_eps-0.1_iter-10,"{'alpha': 1.0, 'grad_eps': 0.1, 'grad_iter': 10, 'grad_eta': 0.02}",AutomatedCMS_mZprime-2000_mDark-1_rinv-0.8_alpha-peak.h5,False,0.7668345736027289,0.7003291789783375,0.11924129399857555,0.006775996188958157,0.0016750995050137207,0.7668122053146362,0.7602049112319946,0.9913834260372388
config_alpha-1.0_eps-0.1_iter-10,"{'alpha': 1.0, 'grad_eps': 0.1, 'grad_iter': 10, 'grad_eta': 0.02}",AutomatedCMS_mZprime-2000_mDark-5_rinv-0.3_alpha-peak.h5,False,0.5486344144083937,0.4562392561780799,0.003575366725699201,0.039535070812504895,0.00911616933493641,0.5486162304878235,0.5547141432762146,1.0111150790835497
config_alpha-1.0_eps-0.1_iter-20,"{'alpha': 1.0, 'grad_eps': 0.1, 'grad_iter': 20, 'grad_eta': 0.02}",AutomatedCMS_mZprime-2000_mDark-1_rinv-0.2_alpha-peak.h5,False,0.6055337904369119,0.537801773863587,0.020814537955922155,0.042293945229484944,0.009910964610204576,0.6054813265800476,0.5960215330123901,0.9843764074094746
config_alpha-1.0_eps-0.1_iter-20,"{'alpha': 1.0, 'grad_eps': 0.1, 'grad_iter': 20, 'grad_eta': 0.02}",AutomatedCMS_mZprime-2000_mDark-1_rinv-0.3_alpha-high.h5,True,0.839029547576555,0.8102777332006742,0.13161317644211865,0.0,0.0,0.839018702507019,0.8085204362869263,0.9636500758219538
config_alpha-1.0_eps-0.1_iter-20,"{'alpha': 1.0, 'grad_eps': 0.1, 'grad_iter': 20, 'grad_eta': 0.02}",AutomatedCMS_mZprime-2000_mDark-1_rinv-0.3_alpha-low.h5,False,0.7196174478330657,0.6763932353355067,0.10907631694148548,0.01603268537534337,0.0039513418376464085,0.7196168899536133,0.6753184795379639,0.9384416749605407
config_alpha-1.0_eps-0.1_iter-20,"{'alpha': 1.0, 'grad_eps': 0.1, 'grad_iter': 20, 'grad_eta': 0.02}",AutomatedCMS_mZprime-2000_mDark-1_rinv-0.3_alpha-peak.h5,False,0.6413825246333087,0.5751738844040281,0.031068459736174857,0.03686374502011908,0.00875915717199219,0.6413776874542236,0.6304776072502136,0.9830052082926755
config_alpha-1.0_eps-0.1_iter-20,"{'alpha': 1.0, 'grad_eps': 0.1, 'grad_iter': 20, 'grad_eta': 0.02}",AutomatedCMS_mZprime-2000_mDark-1_rinv-0.8_alpha-peak.h5,False,0.7750696045282452,0.7023449973250233,0.10724594219739851,0.005873105086458616,0.0014402534677948882,0.7750583291053772,0.7739101052284241,0.9985185323041706
config_alpha-1.0_eps-0.1_iter-20,"{'alpha': 1.0, 'grad_eps': 0.1, 'grad_iter': 20, 'grad_eta': 0.02}",AutomatedCMS_mZprime-2000_mDark-5_rinv-0.3_alpha-peak.h5,False,0.5549065659772112,0.46257572812023046,0.006649513816954589,0.04167235199766528,0.00985713568466599,0.5549235343933105,0.5806847810745239,1.0464230566637938
config_alpha-1.0_eps-0.5_iter-10,"{'alpha': 1.0, 'grad_eps': 0.5, 'grad_iter': 10, 'grad_eta': 0.1}",AutomatedCMS_mZprime-2000_mDark-1_rinv-0.2_alpha-peak.h5,False,0.5879272874511319,0.5217902376567632,0.015272586673540405,0.06574425125977881,0.01472379919087628,0.5879191160202026,0.5828533172607422,0.9913835107221001
config_alpha-1.0_eps-0.5_iter-10,"{'alpha': 1.0, 'grad_eps': 0.5, 'grad_iter': 10, 'grad_eta': 0.1}",AutomatedCMS_mZprime-2000_mDark-1_rinv-0.3_alpha-high.h5,True,0.8437642800246025,0.8038403639737264,0.09247103663147706,0.0,0.0,0.8437589406967163,0.8382341265678406,0.9934521415271598
config_alpha-1.0_eps-0.5_iter-10,"{'alpha': 1.0, 'grad_eps': 0.5, 'grad_iter': 10, 'grad_eta': 0.1}",AutomatedCMS_mZprime-2000_mDark-1_rinv-0.3_alpha-low.h5,False,0.7526851160075879,0.6899984872105289,0.0791988909966438,0.01661418765653273,0.004085443765265413,0.7526753544807434,0.7516793012619019,0.9986766496167147
config_alpha-1.0_eps-0.5_iter-10,"{'alpha': 1.0, 'grad_eps': 0.5, 'grad_iter': 10, 'grad_eta': 0.1}",AutomatedCMS_mZprime-2000_mDark-1_rinv-0.3_alpha-peak.h5,False,0.6135952716885451,0.5476835296049739,0.01739576981095741,0.058996451056147,0.013395382826140407,0.6135544776916504,0.6165621876716614,1.0049021074564182
config_alpha-1.0_eps-0.5_iter-10,"{'alpha': 1.0, 'grad_eps': 0.5, 'grad_iter': 10, 'grad_eta': 0.1}",AutomatedCMS_mZprime-2000_mDark-1_rinv-0.8_alpha-peak.h5,False,0.7374588212067823,0.6718214092381057,0.07350901525658807,0.01322182352717334,0.0033072444955145244,0.7374105453491211,0.7867176532745361,1.0668652058699146
config_alpha-1.0_eps-0.5_iter-10,"{'alpha': 1.0, 'grad_eps': 0.5, 'grad_iter': 10, 'grad_eta': 0.1}",AutomatedCMS_mZprime-2000_mDark-5_rinv-0.3_alpha-peak.h5,False,0.5373186335638943,0.4778228751658961,0.018444882547532328,0.043035394768168415,0.009982633896037724,0.5373102426528931,0.5218203067779541,0.9711713370687676
config_alpha-1.0_eps-0.5_iter-20,"{'alpha': 1.0, 'grad_eps': 0.5, 'grad_iter': 20, 'grad_eta': 0.1}",AutomatedCMS_mZprime-2000_mDark-1_rinv-0.2_alpha-peak.h5,False,0.613836363792585,0.5379772108463549,0.015498131202474546,0.003639442119830555,0.0009127460791159689,0.613833487033844,0.5895318388938904,0.9604100319495705
config_alpha-1.0_eps-0.5_iter-20,"{'alpha': 1.0, 'grad_eps': 0.5, 'grad_iter': 20, 'grad_eta': 0.1}",AutomatedCMS_mZprime-2000_mDark-1_rinv-0.3_alpha-high.h5,True,0.7104198884822086,0.6262252151360179,0.02631658549865392,0.0,0.0,0.7103737592697144,0.753017008304596,1.060029313412027
config_alpha-1.0_eps-0.5_iter-20,"{'alpha': 1.0, 'grad_eps': 0.5, 'grad_iter': 20, 'grad_eta': 0.1}",AutomatedCMS_mZprime-2000_mDark-1_rinv-0.3_alpha-low.h5,False,0.5373649316601002,0.4280239852010046,0.009156573763315336,0.017496654425605128,0.004394026047230486,0.5374180674552917,0.6163039803504944,1.1467868642167771
config_alpha-1.0_eps-0.5_iter-20,"{'alpha': 1.0, 'grad_eps': 0.5, 'grad_iter': 20, 'grad_eta': 0.1}",AutomatedCMS_mZprime-2000_mDark-1_rinv-0.3_alpha-peak.h5,False,0.6355894439986733,0.5506748190757004,0.016240331225727767,0.0024320870939017877,0.0006069821303523876,0.63556307554245,0.6232718825340271,0.9806609391240478
config_alpha-1.0_eps-0.5_iter-20,"{'alpha': 1.0, 'grad_eps': 0.5, 'grad_iter': 20, 'grad_eta': 0.1}",AutomatedCMS_mZprime-2000_mDark-1_rinv-0.8_alpha-peak.h5,False,0.6862362174657319,0.5433806404730145,0.01878022266371781,0.0021442085024440255,0.0005322272629553963,0.6862726211547852,0.7555283308029175,1.100915740353442
config_alpha-1.0_eps-0.5_iter-20,"{'alpha': 1.0, 'grad_eps': 0.5, 'grad_iter': 20, 'grad_eta': 0.1}",AutomatedCMS_mZprime-2000_mDark-5_rinv-0.3_alpha-peak.h5,False,0.6588886869159398,0.5846419776901685,0.02288902997293414,0.00547740596781103,0.001375677754580403,0.6588460206985474,0.5930935144424438,0.9002004957298082
config_alpha-5.0_eps-0.1_iter-10,"{'alpha': 5.0, 'grad_eps': 0.1, 'grad_iter': 10, 'grad_eta': 0.02}",AutomatedCMS_mZprime-2000_mDark-1_rinv-0.2_alpha-peak.h5,False,0.6118254719250762,0.5412354484709704,0.02252223224642351,0.030211675409596142,0.00683149544523858,0.6118632555007935,0.598497748374939,0.9781560552857269
config_alpha-5.0_eps-0.1_iter-10,"{'alpha': 5.0, 'grad_eps': 0.1, 'grad_iter': 10, 'grad_eta': 0.02}",AutomatedCMS_mZprime-2000_mDark-1_rinv-0.3_alpha-high.h5,True,0.7715171485324218,0.7463693602835856,0.10278592818899543,0.0,0.0,0.7714753150939941,0.7605491876602173,0.9858373596406702
config_alpha-5.0_eps-0.1_iter-10,"{'alpha': 5.0, 'grad_eps': 0.1, 'grad_iter': 10, 'grad_eta': 0.02}",AutomatedCMS_mZprime-2000_mDark-1_rinv-0.3_alpha-low.h5,False,0.5730638182790991,0.5369492326773415,0.049321465051802134,0.031920203425372176,0.007394617050232288,0.573043704032898,0.5764588117599487,1.0059595938372874
config_alpha-5.0_eps-0.1_iter-10,"{'alpha': 5.0, 'grad_eps': 0.1, 'grad_iter': 10, 'grad_eta': 0.02}",AutomatedCMS_mZprime-2000_mDark-1_rinv-0.3_alpha-peak.h5,False,0.6363309586930705,0.5667750835916653,0.02689604262284559,0.02323191978622706,0.005402283525538336,0.6363306045532227,0.6245152354240417,0.9814320275582585
config_alpha-5.0_eps-0.1_iter-10,"{'alpha': 5.0, 'grad_eps': 0.1, 'grad_iter': 10, 'grad_eta': 0.02}",AutomatedCMS_mZprime-2000_mDark-1_rinv-0.8_alpha-peak.h5,False,0.7225361402456547,0.6460516257468721,0.0662368332271245,0.0056104460313775055,0.001324915281200607,0.7224740386009216,0.7083296775817871,0.9804223262519921
config_alpha-5.0_eps-0.1_iter-10,"{'alpha': 5.0, 'grad_eps': 0.1, 'grad_iter': 10, 'grad_eta': 0.02}",AutomatedCMS_mZprime-2000_mDark-5_rinv-0.3_alpha-peak.h5,False,0.6231149330036422,0.5159452285486301,0.009556587696728706,0.025084438499993283,0.0057485766021201385,0.6230986714363098,0.6158798336982727,0.9884146154229524
config_alpha-5.0_eps-0.1_iter-20,"{'alpha': 5.0, 'grad_eps': 0.1, 'grad_iter': 20, 'grad_eta': 0.02}",AutomatedCMS_mZprime-2000_mDark-1_rinv-0.2_alpha-peak.h5,False,0.5678190870816686,0.4934551595716347,0.010213945096017528,0.015012940235552568,0.0037571035085259556,0.567764401435852,0.6022990345954895,1.060825640128724
config_alpha-5.0_eps-0.1_iter-20,"{'alpha': 5.0, 'grad_eps': 0.1, 'grad_iter': 20, 'grad_eta': 0.02}",AutomatedCMS_mZprime-2000_mDark-1_rinv-0.3_alpha-high.h5,True,0.712453185718463,0.6243065593238003,0.01911733567258538,0.0,0.0,0.7122989892959595,0.7913811802864075,1.1110238708447604
config_alpha-5.0_eps-0.1_iter-20,"{'alpha': 5.0, 'grad_eps': 0.1, 'grad_iter': 20, 'grad_eta': 0.02}",AutomatedCMS_mZprime-2000_mDark-1_rinv-0.3_alpha-low.h5,False,0.622082201955348,0.530490860943797,0.021195097037793667,0.007785274114064731,0.0019449270123406302,0.6220145225524902,0.6582739949226379,1.0582936106079226
config_alpha-5.0_eps-0.1_iter-20,"{'alpha': 5.0, 'grad_eps': 0.1, 'grad_iter': 20, 'grad_eta': 0.02}",AutomatedCMS_mZprime-2000_mDark-1_rinv-0.3_alpha-peak.h5,False,0.5824908564153588,0.5062721771173433,0.012420964791218667,0.013485775532406197,0.0033685708702982844,0.5823373794555664,0.6249872446060181,1.073239099283521
config_alpha-5.0_eps-0.1_iter-20,"{'alpha': 5.0, 'grad_eps': 0.1, 'grad_iter': 20, 'grad_eta': 0.02}",AutomatedCMS_mZprime-2000_mDark-1_rinv-0.8_alpha-peak.h5,False,0.6405883500143694,0.5229991214883323,0.02369081980732466,0.008971925313242951,0.002230027644352218,0.6404860615730286,0.7096949815750122,1.1080568714204444
config_alpha-5.0_eps-0.1_iter-20,"{'alpha': 5.0, 'grad_eps': 0.1, 'grad_iter': 20, 'grad_eta': 0.02}",AutomatedCMS_mZprime-2000_mDark-5_rinv-0.3_alpha-peak.h5,False,0.5103991463672715,0.42908432180803274,0.004644635279179336,0.025021711700906953,0.006309230422927799,0.5103701949119568,0.5671259760856628,1.1112051247104995
config_alpha-5.0_eps-0.5_iter-10,"{'alpha': 5.0, 'grad_eps': 0.5, 'grad_iter': 10, 'grad_eta': 0.1}",AutomatedCMS_mZprime-2000_mDark-1_rinv-0.2_alpha-peak.h5,False,0.5858481363577781,0.5152491087180469,0.013790436911973193,0.015500711888626941,0.003567907623105518,0.5857604146003723,0.5858423709869385,1.0001399145188432
config_alpha-5.0_eps-0.5_iter-10,"{'alpha': 5.0, 'grad_eps': 0.5, 'grad_iter': 10, 'grad_eta': 0.1}",AutomatedCMS_mZprime-2000_mDark-1_rinv-0.3_alpha-high.h5,True,0.7245889212216542,0.6640878923199643,0.04794458392570858,0.0,0.0,0.7244924902915955,0.7972841858863831,1.1004726709665276
config_alpha-5.0_eps-0.5_iter-10,"{'alpha': 5.0, 'grad_eps': 0.5, 'grad_iter': 10, 'grad_eta': 0.1}",AutomatedCMS_mZprime-2000_mDark-1_rinv-0.3_alpha-low.h5,False,0.6352440293788608,0.5282475182635387,0.02185174376185612,0.017941437138186744,0.0042688727222932165,0.6352540850639343,0.6904738545417786,1.0869254850557737
config_alpha-5.0_eps-0.5_iter-10,"{'alpha': 5.0, 'grad_eps': 0.5, 'grad_iter': 10, 'grad_eta': 0.1}",AutomatedCMS_mZprime-2000_mDark-1_rinv-0.3_alpha-peak.h5,False,0.5938807574541837,0.5207560561404906,0.016047758128189493,0.014035708551986496,0.003267284324112632,0.5938941240310669,0.6198580861091614,1.043718166298504
config_alpha-5.0_eps-0.5_iter-10,"{'alpha': 5.0, 'grad_eps': 0.5, 'grad_iter': 10, 'grad_eta': 0.1}",AutomatedCMS_mZprime-2000_mDark-1_rinv-0.8_alpha-peak.h5,False,0.6374979745348677,0.5292654740559393,0.03152528395246842,0.01057544210654557,0.002651545529910282,0.6374176740646362,0.7700062990188599,1.2080090188098216
config_alpha-5.0_eps-0.5_iter-10,"{'alpha': 5.0, 'grad_eps': 0.5, 'grad_iter': 10, 'grad_eta': 0.1}",AutomatedCMS_mZprime-2000_mDark-5_rinv-0.3_alpha-peak.h5,False,0.5586838275358929,0.48472888968555383,0.012229759080429043,0.012208288734210107,0.0028087088095742974,0.5586885809898376,0.5474093556404114,0.9798112477447763
config_alpha-5.0_eps-0.5_iter-20,"{'alpha': 5.0, 'grad_eps': 0.5, 'grad_iter': 20, 'grad_eta': 0.1}",AutomatedCMS_mZprime-2000_mDark-1_rinv-0.2_alpha-peak.h5,False,0.5796093671864931,0.5187168416814236,0.01762469390385359,0.004030540599518423,0.0009997853191683489,0.5795552730560303,0.5787903666496277,0.9986801838548217
config_alpha-5.0_eps-0.5_iter-20,"{'alpha': 5.0, 'grad_eps': 0.5, 'grad_iter': 20, 'grad_eta': 0.1}",AutomatedCMS_mZprime-2000_mDark-1_rinv-0.3_alpha-high.h5,True,0.7295650846466419,0.6812529704116996,0.057805741250491545,0.0,0.0,0.7293853163719177,0.7454617619514465,1.0220410875002197
config_alpha-5.0_eps-0.5_iter-20,"{'alpha': 5.0, 'grad_eps': 0.5, 'grad_iter': 20, 'grad_eta': 0.1}",AutomatedCMS_mZprime-2000_mDark-1_rinv-0.3_alpha-low.h5,False,0.6473494975436549,0.5695956031248695,0.03677221654749745,0.007365542338171137,0.0018245406179619188,0.6473551988601685,0.6432685256004333,0.9936871237507157
config_alpha-5.0_eps-0.5_iter-20,"{'alpha': 5.0, 'grad_eps': 0.5, 'grad_iter': 20, 'grad_eta': 0.1}",AutomatedCMS_mZprime-2000_mDark-1_rinv-0.3_alpha-peak.h5,False,0.6016081826448845,0.5371457001197595,0.023975350643515102,0.004393107491952703,0.0010903845688620337,0.6016559600830078,0.6106007099151611,1.0148668847740148
config_alpha-5.0_eps-0.5_iter-20,"{'alpha': 5.0, 'grad_eps': 0.5, 'grad_iter': 20, 'grad_eta': 0.1}",AutomatedCMS_mZprime-2000_mDark-1_rinv-0.8_alpha-peak.h5,False,0.6153387417375767,0.5173659019043857,0.034861491172170786,0.0057241921249937934,0.0014178544234354122,0.6152920126914978,0.6877628564834595,1.1177828450510017
config_alpha-5.0_eps-0.5_iter-20,"{'alpha': 5.0, 'grad_eps': 0.5, 'grad_iter': 20, 'grad_eta': 0.1}",AutomatedCMS_mZprime-2000_mDark-5_rinv-0.3_alpha-peak.h5,False,0.5252750778004255,0.4336412170792046,0.0020382931800715072,0.00619229702285843,0.0015430086537906074,0.5251855850219727,0.5382502675056458,1.0248763158324814
